{
    "forced": 484,
    "written": 775,
    "smoked": 526,
    "hazardous": 633,
    "prowl": 168,
    "number": 530,
    "warehouse": 357,
    "dangerous": 213,
    "carjacking": 324,
    "ammunition": 463,
    "electrical": 691,
    "manslaughter": 693,
    "red": 551,
    "unlawful": 44,
    "administering": 549,
    "insured": 830,
    "sidewalks": 158,
    "gambling": 452,
    "crimes": 399,
    "assisting": 728,
    "restraining": 112,
    "commit": 422,
    "battery": 24,
    "advertising": 603,
    "encourage": 801,
    "making": 845,
    "police": 124,
    "box": 692,
    "rape": 218,
    "furnishing": 434,
    "intercourse": 461,
    "buses": 380,
    "aggravated": 55,
    "threating": 252,
    "fare": 575,
    "suspended": 31,
    "house": 72,
    "failure": 264,
    "counterfeit": 527,
    "windows": 121,
    "investigation": 93,
    "alcohol": 95,
    "disguise": 814,
    "incl": 682,
    "permit": 219,
    "heating": 786,
    "danger": 327,
    "control": 376,
    "physical": 216,
    "unlocked": 109,
    "identify": 901,
    "made": 284,
    "auction": 784,
    "under": 65,
    "motorcycle": 159,
    "religious": 802,
    "community": 502,
    "occurence": 427,
    "apparel": 902,
    "hate": 776,
    "methadone": 443,
    "dispute": 729,
    "services": 578,
    "traffic": 37,
    "near": 760,
    "lodging": 314,
    "fraudulent": 149,
    "representation": 903,
    "incident": 285,
    "unauthorized": 624,
    "justice": 629,
    "bodily": 63,
    "accepting": 650,
    "commercial": 241,
    "mental": 40,
    "violation": 13,
    "take": 763,
    "withhold": 720,
    "supervision": 503,
    "telegraph": 351,
    "possessing": 491,
    "elder": 299,
    "lights": 816,
    "offenses": 581,
    "sewers": 904,
    "collision": 390,
    "statute": 559,
    "matter": 509,
    "explosive": 466,
    "scene": 740,
    "wife": 777,
    "resulting": 456,
    "involved": 273,
    "order": 86,
    "where": 278,
    "post": 504,
    "rescuing": 787,
    "causing": 488,
    "business": 683,
    "exhibiting": 247,
    "sidewalk": 547,
    "paraphernalia": 82,
    "flat": 209,
    "ingestion": 548,
    "hit": 391,
    "obtaining": 233,
    "meters": 741,
    "alarm": 472,
    "imprisonment": 196,
    "complaint": 400,
    "theft": 2,
    "oil": 905,
    "in": 89,
    "plays": 846,
    "resisting": 84,
    "abortion": 788,
    "common": 750,
    "evidence": 220,
    "silencer": 847,
    "access": 350,
    "operated": 453,
    "\\)": 74,
    "manufacture": 499,
    "tire": 366,
    "entry": 22,
    "heed": 552,
    "care": 474,
    "bring": 471,
    "adult": 79,
    "explosives": 640,
    "threats": 60,
    "fraudulently": 510,
    "damaging": 593,
    "911": 778,
    "disperse": 654,
    "on": 41,
    "estate": 684,
    "stray": 597,
    "claims": 583,
    "are": 279,
    "entering": 867,
    "copying": 584,
    "electrically": 869,
    "corrections": 151,
    "switch": 870,
    "run": 392,
    "proper": 475,
    "instruments": 370,
    "barbituates": 694,
    "fire": 238,
    "schoolyard": 643,
    "no": 598,
    "hole": 817,
    "plate": 108,
    "violence": 99,
    "hallucinogenic": 379,
    "youth": 698,
    "posing": 906,
    "lewd": 374,
    "dismissal": 871,
    "amphetamine": 119,
    "attempting": 765,
    "street": 66,
    "riot": 531,
    "possibly": 432,
    "sufficient": 337,
    "alter": 464,
    "grand": 5,
    "dancehall": 794,
    "misconduct": 907,
    "racing": 942,
    "destitute": 848,
    "inflicting": 457,
    "bribery": 451,
    "inmate": 615,
    "distributors": 604,
    "unusual": 428,
    "keeper": 614,
    "affixing": 849,
    "camper": 536,
    "disturbance": 492,
    "change": 599,
    "committing": 217,
    "placing": 540,
    "permission": 317,
    "identification": 215,
    "tear": 557,
    "perjury": 590,
    "alcoholic": 908,
    "freight": 751,
    "tab": 467,
    "coins": 207,
    "passenger": 752,
    "p": 695,
    "trespass": 630,
    "bar": 803,
    "victim": 232,
    "object": 477,
    "asphyxiation": 605,
    "fireworks": 818,
    "consent": 626,
    "courtesy": 256,
    "insurer": 819,
    "invasion": 713,
    "game": 245,
    "during": 550,
    "bldg": 283,
    "embezzled": 429,
    "industrial": 790,
    "gov't": 909,
    "grounds": 439,
    "devices": 642,
    "federal": 560,
    "warrant": 34,
    "return": 781,
    "hotel": 255,
    "gas": 524,
    "procuring": 910,
    "performances": 850,
    "narcotics": 76,
    "trafficking": 482,
    "documents": 672,
    "station": 445,
    "switchblade": 500,
    "code": 130,
    "motor": 534,
    "injunction": 696,
    "store": 91,
    "knife": 131,
    "injurious": 730,
    "dv": 178,
    "roll": 566,
    "marker": 721,
    "animals": 411,
    "truant": 436,
    "noxious": 843,
    "lost": 17,
    "escapee": 655,
    "chemicals": 341,
    "general": 206,
    "cheat": 460,
    "calls": 125,
    "with": 20,
    "falsification": 851,
    "soliciting": 423,
    "view": 239,
    "disturbing": 192,
    "licensed": 742,
    "selling": 470,
    "id": 154,
    "30": 773,
    "offensive": 528,
    "known": 645,
    "tickets": 804,
    "juvenile": 83,
    "stealing": 378,
    "tobacco": 493,
    "penetration": 485,
    "telephone": 343,
    "prejudice": 302,
    "commission": 648,
    "alien": 306,
    "scope": 938,
    "harbor": 636,
    "school": 282,
    "visiting": 529,
    "plates": 820,
    "conceal": 717,
    "towards": 231,
    "siren": 553,
    "bigamy": 911,
    "protective": 561,
    "tools": 173,
    "flammable": 641,
    "comply": 876,
    "privacy": 712,
    "playground": 623,
    "checks": 113,
    "outside": 54,
    "assembly": 567,
    "by": 70,
    "resist": 407,
    "overcharging": 780,
    "misuse": 821,
    "release": 505,
    "against": 57,
    "juveniles": 872,
    "robbery": 35,
    "cloned": 571,
    "drowning": 805,
    "other": 160,
    "metals": 789,
    "escape": 585,
    "use": 80,
    "lines": 344,
    "addict": 301,
    "mail": 574,
    "aerosol": 639,
    "oral": 362,
    "meth": 123,
    "unlawfully": 612,
    "transfer": 646,
    "concealed": 203,
    "dispensing": 616,
    "turned": 322,
    "facility": 913,
    "injury": 96,
    "vio": 647,
    "transportation": 244,
    "demonstration": 731,
    "grossly": 435,
    "related": 162,
    "harassing": 186,
    "discharge": 251,
    "bridges": 873,
    "occupant": 681,
    "distribution": 852,
    "atm": 359,
    "misc": 732,
    "peyote": 914,
    "shots": 345,
    "locked": 8,
    "deceive": 915,
    "aggressive": 430,
    "conductive": 874,
    "threat": 412,
    "prescription": 478,
    "operating": 389,
    "receiving": 136,
    "taxi": 329,
    "pornography": 465,
    "machine": 444,
    "eavesdropping": 853,
    "drives": 656,
    "lasers": 822,
    "trailer": 533,
    "comm": 438,
    "detention": 115,
    "witnesses": 455,
    ",": 1,
    "occurrence": 36,
    "restrictions": 657,
    "female": 277,
    "uttering": 371,
    "assault": 50,
    "leading": 328,
    "constrt": 297,
    "construction": 126,
    "age": 764,
    "rights": 783,
    "bank": 354,
    "att": 224,
    "teachers": 447,
    "mischief": 15,
    "habitual": 437,
    "dwelling": 229,
    "movies": 806,
    "worship": 916,
    "molest": 449,
    "thoroughfare": 416,
    "incomplete": 586,
    "depositing": 815,
    "extortion": 394,
    "telecommunication": 753,
    "kidnapper": 917,
    "wearing": 743,
    "not": 320,
    "immoral": 325,
    "peeping": 580,
    "suspicious": 33,
    "posted": 791,
    "marshall": 424,
    "attending": 918,
    "breaking": 122,
    "planting": 382,
    "coin": 454,
    "trick": 200,
    "broadcast": 875,
    "illegal": 807,
    "firearms": 543,
    "for": 49,
    "department": 150,
    "minor": 234,
    "weapons": 714,
    "city": 365,
    "suicide": 321,
    "embezzlement": 197,
    "money": 143,
    "u": 425,
    "after": 266,
    "transit": 330,
    "occupied": 369,
    "lawful": 587,
    "decoding": 919,
    "drag": 920,
    "lynching": 715,
    "jurisdiction": 69,
    "firearm": 139,
    "cabaret": 754,
    "copulation": 363,
    "dissuading": 413,
    "mobile": 733,
    "required": 631,
    "semi": 823,
    "trespassing": 107,
    "sodomy": 408,
    "barking": 658,
    "megan's": 744,
    "message": 808,
    "owner": 685,
    "shooting": 387,
    "utility": 592,
    "derivative": 576,
    "cellular": 541,
    "slashing": 367,
    "chemical": 617,
    "\\(": 75,
    "materials": 644,
    "200": 627,
    "abandonment": 420,
    "into": 386,
    "prisoner": 755,
    "sell": 525,
    "s": 146,
    "simple": 358,
    "records": 313,
    "child": 155,
    "beverage": 921,
    "firecrackers": 495,
    "product": 756,
    "witness": 414,
    "real": 686,
    "attempted": 77,
    "service": 243,
    "estab": 490,
    "sending": 809,
    "delinquency": 404,
    "neglect": 501,
    "building": 42,
    "jail": 668,
    "residence": 97,
    "desertion": 468,
    "trash": 558,
    "solicits": 117,
    "through": 824,
    "innkeeper": 296,
    "impersonating": 483,
    "arson": 205,
    "judicial": 673,
    "mask": 757,
    "display": 722,
    "spousal": 687,
    "officer": 111,
    "purchase": 634,
    "register": 287,
    "driving": 167,
    "driver": 419,
    "caustic": 331,
    "loitering": 157,
    "trains": 718,
    "jumping": 512,
    "shoplifting": 68,
    "death": 120,
    "meeting": 674,
    "engaging": 402,
    "procurement": 922,
    "bribe": 782,
    "emergency": 469,
    "felon": 259,
    "100": 562,
    "hire": 766,
    "chain": 311,
    "area": 825,
    "carrying": 199,
    "prohibited": 274,
    "throwing": 448,
    "destruction": 268,
    "medical": 854,
    "injuries": 275,
    "acts": 356,
    "loudspeaker": 881,
    "nature": 923,
    "system": 594,
    "obstructions": 291,
    "refusing": 659,
    "sick": 395,
    "fighting": 323,
    "meetings": 826,
    "device": 263,
    "<PAD/>": 0,
    "bomb": 368,
    "grabbing": 745,
    "prostitution": 102,
    "tarasoff": 304,
    "an": 204,
    "member": 792,
    "reformatory": 735,
    "disabled": 572,
    "located": 271,
    "dies": 827,
    "interfering": 660,
    "life": 56,
    "stolen": 10,
    "credit": 71,
    "forge": 479,
    "removal": 707,
    "computers": 309,
    "recovered": 45,
    "prior": 142,
    "speeding": 480,
    "push": 924,
    "convicted": 262,
    "upon": 651,
    "stay": 174,
    "glue": 877,
    "campus": 697,
    "syringe": 519,
    "maintaining": 202,
    "disorderly": 855,
    "intercepting": 708,
    "secondhand": 925,
    "clone": 758,
    "park": 332,
    "offender": 295,
    "heroin": 147,
    "dump": 828,
    "days": 774,
    "vicious": 595,
    "injured": 227,
    "contributing": 405,
    "opiates": 406,
    "base": 58,
    "over": 878,
    "home": 516,
    "obstructing": 415,
    "furnish": 736,
    "booking": 588,
    "computer": 515,
    "cards": 383,
    "drug": 544,
    "articles": 573,
    "cohabitee": 104,
    "strangulation": 517,
    "restricted": 879,
    "railroads": 880,
    "guide": 829,
    "parental": 348,
    "pursesnatch": 280,
    "pimping": 496,
    "executive": 417,
    "cocaine": 48,
    "hypodermic": 520,
    "a": 11,
    "agents": 608,
    "remaining": 704,
    "investigative": 116,
    "based": 303,
    "pickpocket": 118,
    "property": 7,
    "threatening": 228,
    "of": 3,
    "violator": 737,
    "limits": 364,
    "arrest": 19,
    "the": 53,
    "registration": 222,
    "track": 661,
    "automated": 211,
    "fired": 346,
    "report": 94,
    "accident": 326,
    "apt": 446,
    "around": 675,
    "air": 336,
    "satellite": 767,
    "patient": 723,
    "pass": 187,
    "armed": 183,
    "amount": 288,
    "dumping": 514,
    "found": 38,
    "load": 882,
    "locatn": 793,
    "within": 352,
    "private": 709,
    "entertainment": 618,
    "roadway": 856,
    "spill": 810,
    "legal": 372,
    "impounded": 360,
    "possible": 347,
    "incest": 768,
    "forgery": 110,
    "vehicles": 47,
    "murder": 926,
    "misdemeanor": 179,
    "poss": 145,
    "lab": 927,
    "stalking": 257,
    "at": 270,
    "parents": 883,
    "drunk": 532,
    "cars": 381,
    "labor": 494,
    "enroute": 46,
    "misplaced": 537,
    "cable": 929,
    "make": 194,
    "taking": 664,
    "calif": 930,
    "communications": 705,
    "notes": 181,
    "causes": 236,
    "car": 535,
    "natural": 235,
    "safe": 403,
    "judge": 706,
    "court": 195,
    "conduct": 441,
    "influence": 106,
    "fight": 932,
    "auto": 6,
    "400": 568,
    "felony": 156,
    "dating": 164,
    "mayhem": 426,
    "accessing": 596,
    "malicious": 16,
    "inflict": 105,
    "peddling": 305,
    "contraband": 738,
    "seals": 622,
    "strongarm": 103,
    "spray": 726,
    "light": 554,
    "personation": 144,
    "boat": 759,
    "intoxicated": 487,
    "negligent": 421,
    "carrier": 746,
    "vehicle": 27,
    "state": 188,
    "50": 513,
    "abuse": 171,
    "non": 189,
    "aid": 635,
    "substance": 129,
    "apparatus": 609,
    "bus": 747,
    "seizing": 748,
    "beyond": 377,
    "armor": 885,
    "toilet": 676,
    "citizenship": 811,
    "begging": 333,
    "sniping": 933,
    "sale": 62,
    "cat": 857,
    "act": 134,
    "massage": 831,
    "cultivating": 384,
    "command": 653,
    "political": 934,
    "citation": 223,
    "defrauding": 253,
    "loaded": 184,
    "law": 375,
    "corporate": 621,
    "poles": 858,
    "force": 61,
    "miscellaneous": 73,
    "missing": 52,
    "willful": 476,
    "vacant": 607,
    "funds": 338,
    "falsifying": 677,
    "visit": 176,
    "leased": 663,
    "card": 64,
    "hot": 169,
    "employee": 319,
    "opium": 511,
    "collector": 859,
    "sex": 258,
    "putting": 795,
    "homicide": 312,
    "unemployment": 935,
    "needle": 521,
    "peddler": 936,
    "phone": 114,
    "food": 832,
    "face": 289,
    "hospitalized": 860,
    "w": 272,
    "away": 175,
    "products": 506,
    "rob": 886,
    "their": 522,
    "room": 261,
    "provide": 579,
    "parole": 101,
    "officers": 937,
    "b": 699,
    "consuming": 240,
    "controlled": 127,
    "contact": 796,
    "minors": 861,
    "loiters": 678,
    "drivers": 28,
    "penetrating": 887,
    "ft": 563,
    "open": 486,
    "disrupts": 410,
    "booth": 637,
    "information": 361,
    "public": 85,
    "looking": 833,
    "condition": 458,
    "paint": 724,
    "civil": 182,
    "commotion": 431,
    "loud": 834,
    "receive": 177,
    "pens": 725,
    "teller": 212,
    "place": 132,
    "former": 161,
    "revenue": 888,
    "defraud": 835,
    "automobile": 30,
    "pretenses": 250,
    "tom": 582,
    "serious": 260,
    "solicitations": 889,
    "water": 862,
    "cart": 939,
    "bite": 214,
    "infractions": 489,
    "closure": 180,
    "vin": 679,
    "relationship": 165,
    "brookers": 610,
    "government": 440,
    "throw": 836,
    "owning": 931,
    "prohibi": 619,
    "concealment": 711,
    "slugs": 797,
    "disturbed": 39,
    "possess": 442,
    "cordless": 710,
    "bookmaking": 890,
    "library": 334,
    "cash": 620,
    "zone": 662,
    "short": 600,
    "opposite": 940,
    "rock": 59,
    "terrorizing": 863,
    "sound": 739,
    "exposure": 293,
    "interferring": 497,
    "marking": 941,
    "video": 652,
    "telling": 703,
    "inciting": 602,
    "location": 837,
    "any": 864,
    "prostitute": 591,
    "sf": 133,
    "nuisance": 172,
    "purpose": 221,
    "traumatic": 459,
    "kidnapping": 307,
    "presenting": 589,
    "license": 21,
    "municipal": 137,
    "burns": 891,
    "case": 25,
    "peace": 148,
    "publication": 770,
    "counterfeiting": 201,
    "children": 401,
    "changing": 290,
    "call": 249,
    "bb": 388,
    "authority": 254,
    "drugs": 318,
    "aided": 26,
    "fraud": 688,
    "12": 670,
    "obscene": 170,
    "application": 237,
    "crowd": 838,
    "dependent": 300,
    "payment": 565,
    "activities": 409,
    "4390": 701,
    "electronics": 577,
    "suspension": 892,
    "repairman": 749,
    "streets": 292,
    "agent": 538,
    "offense": 689,
    "priors": 473,
    "sniper": 943,
    "balloons": 893,
    "agricultural": 899,
    "deadly": 92,
    "strip": 210,
    "placard": 570,
    "transportaion": 507,
    "reckless": 342,
    "cruelty": 398,
    "burglary": 18,
    "along": 665,
    "fiduciary": 669,
    "liqour": 385,
    "damage": 396,
    "scalping": 812,
    "manner": 225,
    "bathroom": 839,
    "regulations": 894,
    "recordings": 761,
    "insurance": 944,
    "as": 286,
    "spouse": 166,
    "suspect": 353,
    "sold": 298,
    "premise": 340,
    "cause": 138,
    "while": 163,
    "substances": 418,
    "poisoning": 702,
    "from": 4,
    "serial": 546,
    "hospital": 945,
    "crime": 339,
    "health": 946,
    "valet": 895,
    "about": 625,
    "trade": 840,
    "possession": 12,
    "secrets": 841,
    "merchant": 335,
    "escapes": 896,
    "person": 43,
    "and": 152,
    "used": 281,
    "using": 897,
    "destroying": 865,
    "inhabited": 230,
    "student": 898,
    "railroad": 523,
    "encouraging": 716,
    "disaster": 947,
    "altered": 555,
    "fictitious": 193,
    "false": 78,
    "search": 269,
    "human": 518,
    "recklessly": 393,
    "unknown": 135,
    "forged": 373,
    "connection": 948,
    "remove": 539,
    "probation": 90,
    "to": 29,
    "attention": 771,
    "without": 198,
    "container": 481,
    "cell": 308,
    "sales": 128,
    "fortune": 700,
    "instrument": 498,
    "knowledge": 190,
    "revoked": 32,
    "or": 14,
    "marks": 601,
    "truck": 88,
    "warning": 248,
    "animal": 680,
    "petty": 9,
    "swearing": 433,
    "goods": 632,
    "domestic": 100,
    "discharging": 397,
    "financial": 798,
    "sharp": 508,
    "interception": 900,
    "charitable": 884,
    "marijuana": 81,
    "tampering": 246,
    "accidental": 606,
    "pandering": 545,
    "bicycle": 141,
    "annoy": 450,
    "machines": 611,
    "shelter": 349,
    "caretaker": 462,
    "apartment": 87,
    "stamps": 842,
    "credible": 772,
    "returns": 315,
    "custody": 734,
    "laceration": 556,
    "advertisments": 866,
    "spitting": 628,
    "weapon": 67,
    "statements": 799,
    "indecent": 294,
    "parking": 727,
    "package": 638,
    "activity": 267,
    "juror": 785,
    "exploitation": 569,
    "months": 671,
    "sexual": 185,
    "intent": 276,
    "specific": 690,
    "runaway": 191,
    "establishment": 242,
    "conspiracy": 153,
    "aircraft": 564,
    "graffiti": 140,
    "fireman": 800,
    "gang": 265,
    "rental": 779,
    "tv": 949,
    "hours": 666,
    "speakers": 844,
    "destructive": 950,
    "refusal": 951,
    "phones": 310,
    "notification": 226,
    "entries": 316,
    "highway": 542,
    "presence": 649,
    "purchasing": 667,
    "official": 719,
    "document": 813,
    "full": 912,
    "forcible": 51,
    "audiovisual": 762,
    "vandalism": 23,
    "dog": 208,
    "conviction": 613,
    "gun": 98,
    "keeping": 868,
    "evading": 355,
    "dealer": 928,
    "curfew": 769
}